Date,Event,Description,Location,Time
2024-10-01,Team Meeting,Monthly project review,Office,10:00 AM
2024-10-02,Business Breakfast,Strategy discussion,Office,09:00 AM
2024-10-03,Seminar,Digital marketing seminar,Convention Center,02:00 PM
2024-10-04,Sales Meeting,Quarterly sales planning,Office,11:00 AM
2024-10-05,Conference,AI and Machine Learning conference,Convention Center,09:00 AM
2024-10-06,Project Review,Weekly project review,Office,03:00 PM
2024-10-07,Lunch with Client,Meeting to discuss new projects,La Plaza Restaurant,01:00 PM
2024-10-08,Webinar,Cybersecurity webinar,Online,03:00 PM
2024-10-09,Team Meeting,Weekly planning,Office,10:00 AM
2024-10-10,Lunch with Client,Meeting to discuss new projects,La Plaza Restaurant,01:00 PM
2024-10-11,Sales Meeting,Quarterly sales planning,Office,11:00 AM
2024-10-12,Seminar,Digital marketing seminar,Convention Center,02:00 PM
2024-10-13,Project Review,Weekly project review,Office,03:00 PM
2024-10-14,Business Breakfast,Strategy discussion,Office,09:00 AM
2024-10-15,Webinar,Cybersecurity webinar,Online,03:00 PM
2024-10-16,Team Meeting,Weekly planning,Office,10:00 AM
2024-10-17,Lunch with Client,Meeting to discuss new projects,La Plaza Restaurant,01:00 PM
2024-10-18,Sales Meeting,Quarterly sales planning,Office,11:00 AM
2024-10-19,Seminar,Digital marketing seminar,Convention Center,02:00 PM
2024-10-20,Business Trip,Visit to headquarters,Head Office,All day
2024-10-21,Project Review,Weekly project review,Office,03:00 PM
2024-10-22,Business Breakfast,Strategy discussion,Office,09:00 AM
2024-10-23,Webinar,Cybersecurity webinar,Online,03:00 PM
2024-10-24,Team Meeting,Weekly planning,Office,10:00 AM
2024-10-25,Presentation,Quarterly results presentation,Office,11:00 AM
2024-10-26,Sales Meeting,Quarterly sales planning,Office,11:00 AM
2024-10-27,Seminar,Digital marketing seminar,Convention Center,02:00 PM
2024-10-28,Project Review,Weekly project review,Office,03:00 PM
2024-10-29,Business Breakfast,Strategy discussion,Office,09:00 AM
2024-10-30,Company Dinner,Annual company dinner,Grand Vista Hotel,07:00 PM
2024-10-31,Team Meeting,Weekly planning,Office,10:00 AM
